feature,importance
num__high_speed_flag,0.5584211
num__mean_speed_at_impact_kmph,0.13727747
num__max_speed_at_impact_kmph,0.03464226
num__min_speed_at_impact_kmph,0.021043744
num__airbag_deployed_flag_mean,0.014002656
cat__dominant_vehicle_type_first_car,0.009804546
num__occupant_record_count,0.008960787
num__total_occupants_in_crash_first,0.007771967
num__speed_at_impact_std,0.0037375852
num__vehicle_count_first,0.0035519986
cat__primary_cause_first_drunk_driving,0.0031054344
cat__state_name_first_telangana,0.0028691646
num__occupants_per_vehicle_first,0.0026621597
num__alcohol_suspected_flag_first,0.0026171785
cat__visibility_level_first_high,0.0025512602
cat__state_name_first_delhi,0.0024622395
num__is_night_time_first,0.0024312038
cat__state_name_first_tamil_nadu,0.0023827173
cat__road_surface_condition_first_damp,0.0023783827
cat__congestion_level_first_low,0.0023781764
cat__incident_time_first_23:00,0.002370771
cat__primary_cause_first_poor_road,0.002342163
cat__state_name_first_west_bengal,0.002316045
cat__weekday_name_first_wednesday,0.002301491
cat__visibility_level_first_low,0.0022837243
cat__dominant_vehicle_type_first_truck,0.002277907
cat__state_name_first_maharashtra,0.0022776152
cat__route_category_first_rural,0.0022694608
cat__weather_condition_first_clear,0.0022591578
num__min_passenger_age,0.0022590535
cat__weekday_name_first_tuesday,0.0022589432
cat__dominant_vehicle_type_first_auto_rickshaw,0.0022584195
cat__weekday_name_first_monday,0.0022535857
cat__road_surface_condition_first_dry,0.002244019
num__temp_celsius_first,0.002220462
cat__route_category_first_highway,0.0022136113
cat__city_name_first_hyderabad,0.0021914581
num__signal_present_flag_first,0.0021862378
cat__weekday_name_first_thursday,0.002176534
num__hour_of_day_first,0.0021641057
cat__city_name_first_pune,0.0021507093
num__road_hazard_flag_first,0.0021493356
cat__incident_time_first_11:00,0.0021483805
num__incident_month_first,0.0021404736
num__mean_passenger_age,0.0021243037
num__female_ratio,0.0021239086
num__male_ratio,0.0021156378
cat__weather_condition_first_fog,0.0021116147
cat__road_surface_condition_first_wet,0.0021100903
num__helmet_seatbelt_usage_rate,0.0021023755
cat__weekday_name_first_friday,0.002095238
cat__visibility_level_first_medium,0.0020885505
num__lane_count_first,0.0020759439
num__lon_coord_first,0.0020695622
cat__dominant_vehicle_type_first_two_wheeler,0.002069467
cat__primary_cause_first_weather,0.0020679208
num__safety_noncompliance_rate,0.0020640993
cat__primary_cause_first_overspeeding,0.0020572247
num__peak_hour_flag_first,0.0020542587
cat__incident_time_first_21:00,0.0020466128
cat__weather_condition_first_rain,0.0020220731
cat__incident_time_first_2:00,0.002020466
num__weekend_flag_first,0.0020016162
cat__primary_cause_first_distraction,0.001996167
cat__city_name_first_kolkata,0.001992867
num__lat_coord_first,0.0019901318
num__rider_ratio,0.0019871504
num__max_passenger_age,0.00197233
cat__road_surface_condition_first_flooded,0.0019573944
cat__route_category_first_urban,0.001953559
cat__incident_time_first_16:00,0.0019396138
num__passenger_ratio,0.0019345079
cat__weekday_name_first_saturday,0.0019260014
cat__road_surface_condition_first_damaged_pavement,0.0019231912
cat__festival_name_first_holi,0.0019102454
num__passenger_age_std,0.0019102021
cat__congestion_level_first_medium,0.0019016694
cat__state_name_first_karnataka,0.0018745604
cat__incident_time_first_15:00,0.0018705047
num__valid_license_ratio,0.0018636847
cat__incident_time_first_14:00,0.0018599912
num__incident_year_first,0.0018598804
cat__incident_time_first_6:00,0.0018591557
cat__weekday_name_first_sunday,0.0018584909
cat__city_name_first_mumbai,0.0018260834
num__invalid_license_ratio,0.0018013822
cat__city_name_first_bangalore,0.0018003157
num__driver_ratio,0.001773358
cat__city_name_first_delhi,0.0017348732
cat__incident_time_first_13:00,0.001714578
cat__incident_time_first_12:00,0.0016978896
cat__state_name_first_punjab,0.0016937172
num__pillion_ratio,0.0016884258
cat__city_name_first_chandigarh,0.0016702621
cat__incident_time_first_22:00,0.0016427775
cat__incident_time_first_7:00,0.0016285259
cat__incident_time_first_17:00,0.0015952077
cat__congestion_level_first_high,0.0015765487
cat__incident_time_first_4:00,0.0015183452
cat__incident_time_first_19:00,0.001513005
cat__incident_time_first_3:00,0.0014998827
cat__festival_name_first_eid,0.0014764874
cat__incident_time_first_9:00,0.001473982
cat__incident_time_first_0:00,0.0014404788
cat__incident_time_first_20:00,0.0013835992
cat__incident_time_first_10:00,0.0013618218
cat__city_name_first_chennai,0.0013528313
cat__incident_time_first_8:00,0.0010868725
cat__incident_time_first_18:00,0.0010745649
cat__incident_time_first_5:00,0.0010170625
cat__incident_time_first_1:00,0.0008679931
cat__festival_name_first_diwali,0.00056112476
cat__festival_name_first_new_year,0.0
cat__dominant_vehicle_type_first_bus,0.0
